USE Tour

GO

INSERT INTO country(name_country, cost_visa, capital, languagee, currency)
VALUES ('Франция', 80.00, 'Париж', 'Французский', 'Евро')
,('Италия', 70.00, 'Рим', 'Итальянский', 'Евро')
,('Россия', 0.00, 'Москва', 'Русский', 'Рубль')
,('Украина', 0.00, 'Киев', 'Украинский', 'Гривна')
,('США', 160.00, 'Вашингтон', 'Английский', 'Доллар США')
,('ОАЭ', 90.00, 'Абу-Даби', 'Арабский', 'Дирхам ОАЭ')
,('Мексика', 36.00, 'Мехико', 'Испанский', 'Мексиканское песо')
,('Япония', 30.00, 'Токио', 'Японский', 'Иена')
,('Китай', 140.00, 'Пекин', 'Китайский', 'Юань')
,('Корея', 40.00, 'Сеул', 'Корейский', 'Южнокорейская вона')
,('Перу', 30.00, 'Лима', 'Испанский', 'Соль')
,('Испания', 75.00, 'Мадрид', 'Испанский', 'Евро')
,('Индонезия', 35.00, 'Джакарта', 'Индонезийский', 'Индонезийская рупия')
,('Канада', 85.00, 'Оттава', 'Английский, Французский', 'Канадский доллар')
,('Гана', 60.00, 'Аккра', 'Английский', 'Седи')
,('Мали', 55.00, 'Бамако', 'Французский', 'Франк КФА')
,('Чили', 0.00, 'Сантьяго', 'Испанский', 'Чилийское песо')
,('Бразилия', 45.00, 'Бразилиа', 'Португальский', 'Бразильский реал')
,('Казахстан', 0.00, 'Астана', 'Казахский, Русский', 'Тенге')
,('Беларусь', 0.00, 'Минск', 'Белорусский, Русский', 'Белорусский рубль')
,('Туркменистан', 85.00, 'Ашхабад', 'Туркменский', 'Манат')
,('Нигер', 50.00, 'Ниамей', 'Французский', 'Франк КФА')
,('Тайланд', 40.00, 'Бангкок', 'Тайский', 'Бат')
,('Польша', 65.00, 'Варшава', 'Польский', 'Злотый')
,('Турция', 60.00, 'Анкара', 'Турецкий', 'Турецкая лира');

INSERT INTO marshrut(name_route, id_country, duration_days, organizer)
VALUES ('Париж и замки Луары', 1, 7, 'Евротур')
,('Рим и Неаполь', 2, 6, 'Италия тур')
,('Золотое кольцо России', 3, 8, 'Русский тур')
,('Киев и Львов', 4, 5, 'Украина тур')
,('Великие озера США', 5, 10, 'Америка тур')
,('Дубай и Абу-Даби', 6, 6, 'Восточный тур')
,('Пирамиды Теотиуакана', 7, 4, 'Латинтур')
,('Токио и Киото', 8, 9, 'Азия тур')
,('Великая Китайская стена', 9, 7, 'Китай тур')
,('Сеул и остров Чеджу', 10, 8, 'Корея тур')
,('Мачу-Пикчу', 11, 5, 'Анды тур')
,('Барселона и Мадрид', 12, 7, 'Испания тур')
,('Бали и Ява', 13, 10, 'Азия тур')
,('Ниагарский водопад', 14, 4, 'Канада тур')
,('Замки Ганы', 15, 6, 'Африка тур')
,('Тимбукту', 16, 5, 'Сахара тур')
,('Пустыня Атакама', 17, 6, 'Анды тур')
,('Амазония и Рио', 18, 8, 'Бразилия тур')
,('Астана и Алматы', 19, 6, 'ЦентрАзия тур')
,('Минск и Брест', 20, 4, 'Беларусь тур')
,('Древний Мерв', 21, 5, 'ЦентрАзия тур')
,('Пустыня Тенере', 22, 7, 'Африка тур')
,('Бангкок и Пхукет', 23, 9, 'Азия тур')
,('Краков и Варшава', 24, 5, 'Польша тур')
,('Стамбул и Каппадокия', 25, 7, 'Турция тур');

INSERT INTO client(full_name, phone_number, email, passport_data, birth_day)
VALUES ('Иванов Петр Сергеевич', '+12345678977', 'ivanov.p@mail.ru', '4510 123456', '1985-03-15')
,('Смирнова Анна Владимировна', '+13326473821', 'smirnova.anna@gmail.com', '4511 234567', '1990-07-22')
,('Козлов Дмитрий Игоревич', '+79173456789', 'kozlov.di@yandex.ru', '4512 345678', '1988-11-30')
,('Петрова Мария Александровна', '+79184567890', 'petrova.maria@mail.ru', '4513 456789', '1992-05-14')
,('Сидоров Алексей Петрович', '+79195678901', 'sidorov.ap@gmail.com', '4514 567890', '1983-09-08')
,('Васильева Елена Викторовна', '+79206789012', 'vasilieva.ev@yandex.ru', '4515 678901', '1995-01-25')
,('Николаев Иван Сергеевич', '+79217890123', 'nikolaev.is@mail.ru', '4516 789012', '1987-12-03')
,('Орлова Ольга Дмитриевна', '+79228901234', 'orlova.od@gmail.com', '4517 890123', '1991-04-18')
,('Федоров Сергей Алексеевич', '+79239012345', 'fedorov.sa@yandex.ru', '4518 901234', '1986-08-11')
,('Жукова Татьяна Павловна', '+79240123456', 'zhukova.tp@mail.ru', '4519 012345', '1993-02-28')
,('Громов Андрей Викторович', '+79251234567', 'gromov.av@gmail.com', '4520 123456', '1984-06-19')
,('Белова Юлия Олеговна', '+79262345678', 'belova.yo@yandex.ru', '4521 234567', '1989-10-05')
,('Киселев Максим Ильич', '+79273456789', 'kiselev.mi@mail.ru', '4522 345678', '1994-03-12')
,('Семенова Анастасия Романовна', '+79284567890', 'semenova.ar@gmail.com', '4523 456789', '1982-07-07')
,('Данилов Павел Олегович', '+79295678901', 'danilov.po@yandex.ru', '4524 567890', '1996-11-21')
,('Егорова Ирина Васильевна', '+79306789012', 'egorova.iv@mail.ru', '4525 678901', '1981-04-03')
,('Тихонов Артем Михайлович', '+79317890123', 'tikhonov.am@gmail.com', '4526 789012', '1997-09-14')
,('Романова Светлана Игоревна', '+79328901234', 'romanova.si@yandex.ru', '4527 890123', '1980-12-29')
,('Воробьев Константин Андреевич', '+79339012345', 'vorobiev.ka@mail.ru', '4528 901234', '1998-02-16')
,('Зайцева Надежда Сергеевна', '+79340123456', 'zaitseva.ns@gmail.com', '4529 012345', '1979-05-09')
,('Михайлов Виктор Павлович', '+79351234567', 'mikhailov.vp@yandex.ru', '4530 123456', '1999-08-24')
,('Фролова Дарья Евгеньевна', '+79362345678', 'frolova.de@mail.ru', '4531 234567', '1978-01-17')
,('Соловьев Григорий Николаевич', '+79373456789', 'soloviev.gn@gmail.com', '4532 345678', '2000-06-05')
,('Алексеева Кристина Борисовна', '+79384567890', 'alekseeva.kb@yandex.ru', '4533 456789', '1977-10-11')
,('Морозов Станислав Валерьевич', '+79395678901', 'morozov.sv@mail.ru', '4534 567890', '2001-03-28')
,('xz', '+11223344561', 'ss.sa@ca.com', '1111 111111', '2001-02-27');

INSERT INTO sale(id_client, id_route, number_contract, full_name_client, name_route, destination_country, ticket_price, quantity_ticket, date_sale, sales_manager)
VALUES (1, 1, 'CT-2024-001', 'Иванов Петр Сергеевич', 'Париж и замки Луары', 'Франция', 1200.00, 2, '2024-01-15', 'Петрова Мария')
,(2, 3, 'CT-2024-002', 'Смирнова Анна Владимировна', 'Золотое кольцо России', 'Россия', 450.00, 1, '2024-01-16', 'Сидоров Алексей')
,(3, 5, 'CT-2024-003', 'Козлов Дмитрий Игоревич', 'Великие озера США', 'США', 2500.00, 2, '2024-01-18', 'Иванова Ольга')
,(4, 7, 'CT-2024-004', 'Петрова Мария Александровна', 'Пирамиды Теотиуакана', 'Мексика', 800.00, 1, '2024-01-20', 'Кузнецов Сергей')
,(5, 9, 'CT-2024-005', 'Сидоров Алексей Петрович', 'Великая Китайская стена', 'Китай', 1500.00, 3, '2024-01-22', 'Петрова Мария')
,(6, 11, 'CT-2024-006', 'Васильева Елена Викторовна', 'Мачу-Пикчу', 'Перу', 1100.00, 2, '2024-01-25', 'Сидоров Алексей')
,(7, 13, 'CT-2024-007', 'Николаев Иван Сергеевич', 'Бали и Ява', 'Индонезия', 1300.00, 1, '2024-01-28', 'Иванова Ольга')
,(8, 15, 'CT-2024-008', 'Орлова Ольга Дмитриевна', 'Замки Ганы', 'Гана', 900.00, 2, '2024-02-01', 'Кузнецов Сергей')
,(9, 17, 'CT-2024-009', 'Федоров Сергей Алексеевич', 'Пустыня Атакама', 'Чили', 1600.00, 1, '2024-02-03', 'Петрова Мария')
,(10, 19, 'CT-2024-010', 'Жукова Татьяна Павловна', 'Астана и Алматы', 'Казахстан', 550.00, 2, '2024-02-05', 'Сидоров Алексей')
,(11, 21, 'CT-2024-011', 'Громов Андрей Викторович', 'Древний Мерв', 'Туркменистан', 700.00, 1, '2024-02-08', 'Иванова Ольга')
,(12, 23, 'CT-2024-012', 'Белова Юлия Олеговна', 'Бангкок и Пхукет', 'Тайланд', 950.00, 2, '2024-02-10', 'Кузнецов Сергей')
,(13, 25, 'CT-2024-013', 'Киселев Максим Ильич', 'Стамбул и Каппадокия', 'Турция', 850.00, 1, '2024-02-12', 'Петрова Мария')
,(14, 2, 'CT-2024-014', 'Семенова Анастасия Романовна', 'Рим и Неаполь', 'Италия', 1100.00, 2, '2024-02-15', 'Сидоров Алексей')
,(15, 4, 'CT-2024-015', 'Данилов Павел Олегович', 'Киев и Львов', 'Украина', 400.00, 3, '2024-02-18', 'Иванова Ольга')
,(16, 6, 'CT-2024-016', 'Егорова Ирина Васильевна', 'Дубай и Абу-Даби', 'ОАЭ', 1400.00, 1, '2024-02-20', 'Кузнецов Сергей')
,(17, 8, 'CT-2024-017', 'Тихонов Артем Михайлович', 'Токио и Киото', 'Япония', 2200.00, 2, '2024-02-22', 'Петрова Мария')
,(18, 10, 'CT-2024-018', 'Романова Светлана Игоревна', 'Сеул и остров Чеджу', 'Корея', 1700.00, 1, '2024-02-25', 'Сидоров Алексей')
,(19, 12, 'CT-2024-019', 'Воробьев Константин Андреевич', 'Барселона и Мадрид', 'Испания', 1200.00, 2, '2024-02-28', 'Иванова Ольга')
,(20, 14, 'CT-2024-020', 'Зайцева Надежда Сергеевна', 'Ниагарский водопад', 'Канада', 1800.00, 1, '2024-03-01', 'Кузнецов Сергей')
,(21, 16, 'CT-2024-021', 'Михайлов Виктор Павлович', 'Тимбукту', 'Мали', 750.00, 2, '2024-03-03', 'Петрова Мария')
,(22, 18, 'CT-2024-022', 'Фролова Дарья Евгеньевна', 'Амазония и Рио', 'Бразилия', 1900.00, 1, '2024-03-05', 'Сидоров Алексей')
,(23, 20, 'CT-2024-023', 'Соловьев Григорий Николаевич', 'Минск и Брест', 'Беларусь', 350.00, 3, '2024-03-08', 'Иванова Ольга')
,(24, 22, 'CT-2024-024', 'Алексеева Кристина Борисовна', 'Пустыня Тенере', 'Нигер', 650.00, 1, '2024-03-10', 'Кузнецов Сергей')
,(25, 24, 'CT-2024-025', 'Морозов Станислав Валерьевич', 'Краков и Варшава', 'Польша', 600.00, 2, '2024-03-12', 'Петрова Мария');


